NREM/REM,"Expression time","Animal ID"
46.97549712931590,7.59327701235231,23.55218923850260