NREM/REM,"Expression time","Animal ID"
1.13375176430730,15.61843121402590,66.38738744964490