,Low,Low,Low,Low,Low,Low,Low,Low,Low,Low,Low,Low,Low,Low,Low,Low,Low,Low,Low,Low,High,High,High,High,High,High,High,High,High,High,High,High,High,High,High,High,High,High,High,High
,20220518_AchsensorHEK002_laser,20220518_AchsensorHEK002_laser,20220518_AchsensorHEK002_laser,,,20221024_AchsensorHEK002_laser,20221024_AchsensorHEK002_laser,20221024_AchsensorHEK002_laser,,,20221024_AchsensorHEK003_laser,20221024_AchsensorHEK003_laser,20221024_AchsensorHEK003_laser,20221024_AchsensorHEK003_laser,,,,,,,20220518_AchsensorHEK002_laser,20220518_AchsensorHEK002_laser,20220518_AchsensorHEK002_laser,,,20221024_AchsensorHEK002_laser,20221024_AchsensorHEK002_laser,20221024_AchsensorHEK002_laser,,,20221024_AchsensorHEK003_laser,20221024_AchsensorHEK003_laser,20221024_AchsensorHEK003_laser,20221024_AchsensorHEK003_laser,,,,,,
Baseline,3.98862856830404,3.98435173365021,3.98630987628078,,,3.85915170150975,3.92330088217044,3.91244647656628,,,3.98960112295943,3.96191700746728,3.93531477731557,3.94295075834194,,,,,,,4.00570695107968,4.03071023923647,3.99916498611777,,,3.83976040968160,3.89665695523448,3.88725411094331,,,3.95321062055835,3.93706745835634,3.92561675468725,3.95553313871947,,,,,,
ACh,4.13185614411403,4.14248443403735,4.09105710938418,,,4.00987334199205,4.09361109608556,4.05764227307393,,,4.07025885986582,4.09519621893338,4.07094030352006,4.11123494048716,,,,,,,4.11831384767974,4.13862549699044,4.08484123394469,,,4.00986999650448,4.08655786460824,4.05780966633921,,,4.06836541782467,4.09735433209887,4.06790923546068,4.08792432275529,,,,,,