Resting/Running,"Laser power","Animal ID"
2.80000000000000,29.330000,58.9900000