Resting/Running,"Laser power","Animal ID"
73.18000000000000,16.61000000,1.7200000